id,UniqueID,Gene.Name,Protein.ID,GeneType
0,ENSMUSG00000000001,Gnai3,"",protein_coding
1,ENSMUSG00000000028,Cdc45,"",protein_coding
2,ENSMUSG00000000056,Narf,"",protein_coding
3,ENSMUSG00000000058,Cav2,"",protein_coding
4,ENSMUSG00000000078,Klf6,"",protein_coding
5,ENSMUSG00000000085,Scmh1,"",protein_coding
6,ENSMUSG00000000088,Cox5a,"",protein_coding
7,ENSMUSG00000000127,Fer,"",protein_coding
8,ENSMUSG00000000131,Xpo6,"",protein_coding
9,ENSMUSG00000000134,Tfe3,"",protein_coding
10,ENSMUSG00000000148,Brat1,"",protein_coding
11,ENSMUSG00000000149,Gna12,"",protein_coding
12,ENSMUSG00000000157,Itgb2l,"",protein_coding
13,ENSMUSG00000000167,Pih1d2,"",protein_coding
14,ENSMUSG00000000168,Dlat,"",protein_coding
15,ENSMUSG00000000171,Sdhd,"",protein_coding
16,ENSMUSG00000000184,Ccnd2,"",protein_coding
17,ENSMUSG00000000194,Gpr107,"",protein_coding
18,ENSMUSG00000000202,Btbd17,"",protein_coding
19,ENSMUSG00000000204,Slfn4,"",protein_coding
20,ENSMUSG00000000244,Tspan32,"",protein_coding
21,ENSMUSG00000000253,Gmpr,"",protein_coding
22,ENSMUSG00000000275,Trim25,"",protein_coding
23,ENSMUSG00000000276,Dgke,"",protein_coding
24,ENSMUSG00000000278,Scpep1,"",protein_coding
25,ENSMUSG00000000282,Mnt,"",protein_coding
26,ENSMUSG00000000290,Itgb2,"",protein_coding
27,ENSMUSG00000000295,Hddc2,"",protein_coding
28,ENSMUSG00000000301,Pemt,"",protein_coding
29,ENSMUSG00000000308,Ckmt1,"",protein_coding
30,ENSMUSG00000000318,Clec10a,"",protein_coding
31,ENSMUSG00000000325,Arvcf,"",protein_coding
32,ENSMUSG00000000326,Comt,"",protein_coding
33,ENSMUSG00000000339,Rtca,"",protein_coding
34,ENSMUSG00000000340,Dbt,"",protein_coding
35,ENSMUSG00000000346,Dazap2,"",protein_coding
36,ENSMUSG00000000355,Mcts1,"",protein_coding
37,ENSMUSG00000000365,Rnf17,"",protein_coding
38,ENSMUSG00000000374,Trappc10,"",protein_coding
39,ENSMUSG00000000378,Ccm2,"",protein_coding
40,ENSMUSG00000000384,Tbrg4,"",protein_coding
41,ENSMUSG00000000386,Mx1,"",protein_coding
42,ENSMUSG00000000399,Ndufa9,"",protein_coding
43,ENSMUSG00000000409,Lck,"",protein_coding
44,ENSMUSG00000000420,Galnt1,"",protein_coding
45,ENSMUSG00000000439,Mkrn2,"",protein_coding
46,ENSMUSG00000000440,Pparg,"",protein_coding
47,ENSMUSG00000000441,Raf1,"",protein_coding
48,ENSMUSG00000000486,Sept1,"",protein_coding
49,ENSMUSG00000000489,Pdgfb,"",protein_coding
50,ENSMUSG00000000530,Acvrl1,"",protein_coding
51,ENSMUSG00000000532,Acvr1b,"",protein_coding
52,ENSMUSG00000000538,Tom1l2,"",protein_coding
53,ENSMUSG00000000552,Zfp385a,"",protein_coding
54,ENSMUSG00000000555,Itga5,"",protein_coding
55,ENSMUSG00000000561,Wdr77,"",protein_coding
56,ENSMUSG00000000562,Adora3,"",protein_coding
57,ENSMUSG00000000563,Atp5f1,"",protein_coding
58,ENSMUSG00000000568,Hnrnpd,"",protein_coding
59,ENSMUSG00000000579,Dynlt1c,"",protein_coding
60,ENSMUSG00000000581,C1d,"",protein_coding
61,ENSMUSG00000000594,Gm2a,"",protein_coding
62,ENSMUSG00000000600,Krit1,"",protein_coding
63,ENSMUSG00000000605,Clcn4,"",protein_coding
64,ENSMUSG00000000628,Hk2,"",protein_coding
65,ENSMUSG00000000631,Myo18a,"",protein_coding
66,ENSMUSG00000000673,Haao,"",protein_coding
67,ENSMUSG00000000682,Cd52,"",protein_coding
68,ENSMUSG00000000686,Abhd15,"",protein_coding
69,ENSMUSG00000000693,Loxl3,"",protein_coding
70,ENSMUSG00000000708,Kat2b,"",protein_coding
71,ENSMUSG00000000711,Rab5b,"",protein_coding
72,ENSMUSG00000000732,Icosl,"",protein_coding
73,ENSMUSG00000000738,Spg7,"",protein_coding
74,ENSMUSG00000000740,Rpl13,"",protein_coding
75,ENSMUSG00000000743,Chmp1a,"",protein_coding
76,ENSMUSG00000000751,Rpa1,"",protein_coding
77,ENSMUSG00000000753,Serpinf1,"",protein_coding
78,ENSMUSG00000000759,Tubgcp3,"",protein_coding
79,ENSMUSG00000000776,Polr3d,"",protein_coding
80,ENSMUSG00000000787,Ddx3x,"",protein_coding
81,ENSMUSG00000000792,Slc5a5,"",protein_coding
82,ENSMUSG00000000804,Usp32,"",protein_coding
83,ENSMUSG00000000811,Txnrd3,"",protein_coding
84,ENSMUSG00000000823,Zfp512b,"",protein_coding
85,ENSMUSG00000000826,Dnajc5,"",protein_coding
86,ENSMUSG00000000827,Tpd52l2,"",protein_coding
87,ENSMUSG00000000838,Fmr1,"",protein_coding
88,ENSMUSG00000000861,Bcl11a,"",protein_coding
89,ENSMUSG00000000876,Pxmp4,"",protein_coding
90,ENSMUSG00000000881,Dlg3,"",protein_coding
91,ENSMUSG00000000884,Gnb1l,"",protein_coding
92,ENSMUSG00000000901,Mmp11,"",protein_coding
93,ENSMUSG00000000902,Smarcb1,"",protein_coding
94,ENSMUSG00000000915,Hip1r,"",protein_coding
95,ENSMUSG00000000916,Nsun5,"",protein_coding
96,ENSMUSG00000000934,Top1mt,"",protein_coding
97,ENSMUSG00000000957,Mmp14,"",protein_coding
98,ENSMUSG00000000958,Slc7a7,"",protein_coding
99,ENSMUSG00000000959,Oxa1l,"",protein_coding
100,ENSMUSG00000000976,Heatr6,"",protein_coding
101,ENSMUSG00000000982,Ccl3,"",protein_coding
102,ENSMUSG00000001016,Ilf2,"",protein_coding
103,ENSMUSG00000001017,Chtop,"",protein_coding
104,ENSMUSG00000001018,Snapin,"",protein_coding
105,ENSMUSG00000001020,S100a4,"",protein_coding
106,ENSMUSG00000001025,S100a6,"",protein_coding
107,ENSMUSG00000001029,Icam2,"",protein_coding
108,ENSMUSG00000001034,Mapk7,"",protein_coding
109,ENSMUSG00000001036,Epn2,"",protein_coding
110,ENSMUSG00000001039,B9d1,"",protein_coding
111,ENSMUSG00000001052,Sec24b,"",protein_coding
112,ENSMUSG00000001053,N4bp3,"",protein_coding
113,ENSMUSG00000001054,Rmnd5b,"",protein_coding
114,ENSMUSG00000001056,Nhp2,"",protein_coding
115,ENSMUSG00000001062,Vps9d1,"",protein_coding
116,ENSMUSG00000001065,Zfp276,"",protein_coding
117,ENSMUSG00000001082,Mfsd10,"",protein_coding
118,ENSMUSG00000001089,Luzp1,"",protein_coding
119,ENSMUSG00000001098,Kctd10,"",protein_coding
120,ENSMUSG00000001100,Poldip2,"",protein_coding
121,ENSMUSG00000001105,Ift20,"",protein_coding
122,ENSMUSG00000001120,Pcbp3,"",protein_coding
123,ENSMUSG00000001123,Lgals9,"",protein_coding
124,ENSMUSG00000001127,Araf,"",protein_coding
125,ENSMUSG00000001128,Cfp,"",protein_coding
126,ENSMUSG00000001134,Uxt,"",protein_coding
127,ENSMUSG00000001138,Cnnm3,"",protein_coding
128,ENSMUSG00000001143,Lman2l,"",protein_coding
129,ENSMUSG00000001150,Mcm3ap,"",protein_coding
130,ENSMUSG00000001151,Pcnt,"",protein_coding
131,ENSMUSG00000001156,Mxd1,"",protein_coding
132,ENSMUSG00000001157,Gmcl1,"",protein_coding
133,ENSMUSG00000001158,Snrnp27,"",protein_coding
134,ENSMUSG00000001166,Oas1c,"",protein_coding
135,ENSMUSG00000001173,Ocrl,"",protein_coding
136,ENSMUSG00000001175,Calm1,"",protein_coding
137,ENSMUSG00000001211,Agpat3,"",protein_coding
138,ENSMUSG00000001227,Sema6b,"",protein_coding
139,ENSMUSG00000001228,Uhrf1,"",protein_coding
140,ENSMUSG00000001229,Dpp9,"",protein_coding
141,ENSMUSG00000001240,Ramp2,"",protein_coding
142,ENSMUSG00000001247,Lsr,"",protein_coding
143,ENSMUSG00000001248,Gramd1a,"",protein_coding
144,ENSMUSG00000001249,Hpn,"",protein_coding
145,ENSMUSG00000001270,Ckb,"",protein_coding
146,ENSMUSG00000001280,Sp1,"",protein_coding
147,ENSMUSG00000001281,Itgb7,"",protein_coding
148,ENSMUSG00000001285,Myg1,"",protein_coding
149,ENSMUSG00000001288,Rarg,"",protein_coding
150,ENSMUSG00000001289,Pfdn5,"",protein_coding
151,ENSMUSG00000001300,Efnb2,"",protein_coding
152,ENSMUSG00000001305,Rrp15,"",protein_coding
153,ENSMUSG00000001313,Rnd2,"",protein_coding
154,ENSMUSG00000001323,Srr,"",protein_coding
155,ENSMUSG00000001348,Acp5,"",protein_coding
156,ENSMUSG00000001366,Fbxo9,"",protein_coding
157,ENSMUSG00000001376,Vps50,"",protein_coding
158,ENSMUSG00000001380,Hars,"",protein_coding
159,ENSMUSG00000001383,Zmat2,"",protein_coding
160,ENSMUSG00000001403,Ube2c,"",protein_coding
161,ENSMUSG00000001415,Smg5,"",protein_coding
162,ENSMUSG00000001416,Cct3,"",protein_coding
163,ENSMUSG00000001418,Glmp,"",protein_coding
164,ENSMUSG00000001419,Mef2d,"",protein_coding
165,ENSMUSG00000001424,Snd1,"",protein_coding
166,ENSMUSG00000001436,Slc19a1,"",protein_coding
167,ENSMUSG00000001440,Kpnb1,"",protein_coding
168,ENSMUSG00000001441,Npepps,"",protein_coding
169,ENSMUSG00000001445,Mrpl10,"",protein_coding
170,ENSMUSG00000001467,Cyp51,"",protein_coding
171,ENSMUSG00000001472,Tcf25,"",protein_coding
172,ENSMUSG00000001473,Tubb6,"",protein_coding
173,ENSMUSG00000001482,Def8,"",protein_coding
174,ENSMUSG00000001517,Foxm1,"",protein_coding
175,ENSMUSG00000001518,Itfg2,"",protein_coding
176,ENSMUSG00000001521,Tulp3,"",protein_coding
177,ENSMUSG00000001524,Gtf2h4,"",protein_coding
178,ENSMUSG00000001525,Tubb5,"",protein_coding
179,ENSMUSG00000001542,Ell2,"",protein_coding
180,ENSMUSG00000001552,Jup,"",protein_coding
181,ENSMUSG00000001569,Nom1,"",protein_coding
182,ENSMUSG00000001576,Ergic1,"",protein_coding
183,ENSMUSG00000001588,Acap1,"",protein_coding
184,ENSMUSG00000001627,Ifrd1,"",protein_coding
185,ENSMUSG00000001630,Stk38l,"",protein_coding
186,ENSMUSG00000001632,Brpf1,"",protein_coding
187,ENSMUSG00000001642,Akr1b3,"",protein_coding
188,ENSMUSG00000001663,Gstt1,"",protein_coding
189,ENSMUSG00000001665,Gstt3,"",protein_coding
190,ENSMUSG00000001666,Ddt,"",protein_coding
191,ENSMUSG00000001674,Ddx18,"",protein_coding
192,ENSMUSG00000001687,Ubl3,"",protein_coding
193,ENSMUSG00000001700,Gramd3,"",protein_coding
194,ENSMUSG00000001707,Eef1e1,"",protein_coding
195,ENSMUSG00000001729,Akt1,"",protein_coding
196,ENSMUSG00000001741,Il16,"",protein_coding
197,ENSMUSG00000001750,Tcirg1,"",protein_coding
198,ENSMUSG00000001751,Naglu,"",protein_coding
199,ENSMUSG00000001755,Coasy,"",protein_coding
