sampleid,group,Order,ComparePairs
GIS1,GIS,GIS,AD-CTL
AD1,AD,CTL,PD-CTL
AD2,AD,AD,ADPD-CTL
CTL1,CTL,PD,ADPD-AD
CTL2,CTL,ADPD,ADPD-PD
PD1,PD,"",PD-AD
PD2,PD,"",""
ADPD1,ADPD,"",""
ADPD2,ADPD,"",""
GIS2,GIS,"",""
GIS3,GIS,"",""
AD3,AD,"",""
AD4,AD,"",""
CTL3,CTL,"",""
CTL4,CTL,"",""
PD3,PD,"",""
PD4,PD,"",""
ADPD3,ADPD,"",""
ADPD4,ADPD,"",""
GIS4,GIS,"",""
GIS5,GIS,"",""
AD5,AD,"",""
AD6,AD,"",""
CTL5,CTL,"",""
CTL6,CTL,"",""
PD5,PD,"",""
PD6,PD,"",""
ADPD5,ADPD,"",""
ADPD6,ADPD,"",""
GIS6,GIS,"",""
GIS7,GIS,"",""
AD7,AD,"",""
AD8,AD,"",""
CTL7,CTL,"",""
CTL8,CTL,"",""
PD7,PD,"",""
PD8,PD,"",""
ADPD7,ADPD,"",""
ADPD8,ADPD,"",""
GIS8,GIS,"",""
GIS9,GIS,"",""
AD9,AD,"",""
CTL9,CTL,"",""
CTL10,CTL,"",""
PD9,PD,"",""
PD10,PD,"",""
ADPD9,ADPD,"",""
ADPD10,ADPD,"",""
GIS10,GIS,"",""
